Stock,Book Name,Book Price
In stock (19 available),Starving Hearts (Triangular Trade Trilogy, #1),£13.99
In stock (19 available),The Coming Woman: A Novel Based on the Life of the Infamous Feminist, Victoria Woodhull,£17.93
In stock (19 available),Rip it Up and Start Again,£35.02
In stock (19 available),The Requiem Red,£22.65
In stock (19 available),Shakespeare's Sonnets,£20.66
In stock (20 available),Soumission,£50.10
In stock (20 available),Sapiens: A Brief History of Humankind,£54.23
In stock (19 available),Libertarianism for Beginners,£51.33
In stock (19 available),Scott Pilgrim's Precious Little Life (Scott Pilgrim #1),£52.29
In stock (19 available),It's Only the Himalayas,£45.17
In stock (19 available),Set Me Free,£17.46
In stock (22 available),A Light in the Attic,£51.77
In stock (19 available),The Dirty Little Secrets of Getting Your Dream Job,£33.34
In stock (19 available),Olio,£23.88
In stock (20 available),Tipping the Velvet,£53.74
In stock (19 available),The Black Maria,£52.15
